{"files":{"application-c76917aba0b93ff6938a0a69e226de1f.js":{"logical_path":"application.js","mtime":"2016-11-11T19:23:25+00:00","size":397173,"digest":"c76917aba0b93ff6938a0a69e226de1f"},"application-263c8a1d507be12e90c21121b4d6bc3b.css":{"logical_path":"application.css","mtime":"2016-11-12T22:15:25+00:00","size":6530,"digest":"263c8a1d507be12e90c21121b4d6bc3b"},"fontawesome-webfont-cb3cca1805f5bb0e1e6bea151e1e240f.eot":{"logical_path":"fontawesome-webfont.eot","mtime":"2016-11-11T19:17:48+00:00","size":68875,"digest":"cb3cca1805f5bb0e1e6bea151e1e240f"},"fontawesome-webfont-8829ee8a412b9144bca6df92379b3013.svg":{"logical_path":"fontawesome-webfont.svg","mtime":"2016-11-11T19:17:48+00:00","size":355982,"digest":"8829ee8a412b9144bca6df92379b3013"},"fontawesome-webfont-2dc53971861c9a8401e837d1856ff91e.ttf":{"logical_path":"fontawesome-webfont.ttf","mtime":"2016-11-11T19:17:48+00:00","size":138204,"digest":"2dc53971861c9a8401e837d1856ff91e"},"fontawesome-webfont-e57bbccfe2d8a4e7c081ad28507a67a2.woff":{"logical_path":"fontawesome-webfont.woff","mtime":"2016-11-11T19:17:48+00:00","size":81284,"digest":"e57bbccfe2d8a4e7c081ad28507a67a2"},"glyphicons-halflings-regular-7536a0c10512973f821cd03efb85b289.eot":{"logical_path":"glyphicons-halflings-regular.eot","mtime":"2016-11-11T19:17:48+00:00","size":20290,"digest":"7536a0c10512973f821cd03efb85b289"},"glyphicons-halflings-regular-98b2b53db8c9c503611edd1f447f27c0.svg":{"logical_path":"glyphicons-halflings-regular.svg","mtime":"2016-11-11T19:17:48+00:00","size":62850,"digest":"98b2b53db8c9c503611edd1f447f27c0"},"glyphicons-halflings-regular-45429172f72dba35d14d3fa46f061238.ttf":{"logical_path":"glyphicons-halflings-regular.ttf","mtime":"2016-11-11T19:17:48+00:00","size":41236,"digest":"45429172f72dba35d14d3fa46f061238"},"glyphicons-halflings-regular-be0cc284f466c70707b59f3950e3924a.woff":{"logical_path":"glyphicons-halflings-regular.woff","mtime":"2016-11-11T19:17:48+00:00","size":23292,"digest":"be0cc284f466c70707b59f3950e3924a"}},"assets":{"application.js":"application-c76917aba0b93ff6938a0a69e226de1f.js","application.css":"application-263c8a1d507be12e90c21121b4d6bc3b.css","fontawesome-webfont.eot":"fontawesome-webfont-cb3cca1805f5bb0e1e6bea151e1e240f.eot","fontawesome-webfont.svg":"fontawesome-webfont-8829ee8a412b9144bca6df92379b3013.svg","fontawesome-webfont.ttf":"fontawesome-webfont-2dc53971861c9a8401e837d1856ff91e.ttf","fontawesome-webfont.woff":"fontawesome-webfont-e57bbccfe2d8a4e7c081ad28507a67a2.woff","glyphicons-halflings-regular.eot":"glyphicons-halflings-regular-7536a0c10512973f821cd03efb85b289.eot","glyphicons-halflings-regular.svg":"glyphicons-halflings-regular-98b2b53db8c9c503611edd1f447f27c0.svg","glyphicons-halflings-regular.ttf":"glyphicons-halflings-regular-45429172f72dba35d14d3fa46f061238.ttf","glyphicons-halflings-regular.woff":"glyphicons-halflings-regular-be0cc284f466c70707b59f3950e3924a.woff"}}